liga,dia,mes,ano,hometeam,awayteam,goles_local,goles_visitante,resultado,estadio
La_Liga,25,8,2018,Alaves,Betis,0,0,X,Mendizorroza
La_Liga,2,9,2018,Alaves,Espanol,2,1,1,Mendizorroza
La_Liga,27,9,2018,Alaves,Getafe,1,1,X,Mendizorroza
La_Liga,6,10,2018,Alaves,Real_Madrid,1,0,1,Mendizorroza
La_Liga,28,10,2018,Alaves,Villarreal,2,1,1,Mendizorroza
La_Liga,11,11,2018,Alaves,Huesca,2,1,1,Mendizorroza
La_Liga,2,12,2018,Alaves,Sevilla,1,1,X,Mendizorroza
La_Liga,17,12,2018,Alaves,Ath_Bilbao,0,0,X,Mendizorroza
La_Liga,5,1,2019,Alaves,Valencia,2,1,1,Mendizorroza
La_Liga,28,1,2019,Alaves,Vallecano,0,1,2,Mendizorroza
La_Liga,11,2,2019,Alaves,Levante,2,0,1,Mendizorroza
La_Liga,23,2,2019,Alaves,Celta,0,0,X,Mendizorroza
La_Liga,9,3,2019,Alaves,Eibar,1,1,X,Mendizorroza
La_Liga,30,3,2019,Alaves,Ath_Madrid,0,4,2,Mendizorroza
La_Liga,7,4,2019,Alaves,Leganes,1,1,X,Mendizorroza
La_Liga,19,4,2019,Alaves,Valladolid,2,2,X,Mendizorroza
La_Liga,23,4,2019,Alaves,Barcelona,0,2,2,Mendizorroza
La_Liga,4,5,2019,Alaves,Sociedad,0,1,2,Mendizorroza
La_Liga,18,5,2019,Alaves,Girona,2,1,1,Mendizorroza
La_Liga,20,8,2018,Ath_Bilbao,Leganes,2,1,1,San_Mames
La_Liga,27,8,2018,Ath_Bilbao,Huesca,2,2,X,San_Mames
La_Liga,15,9,2018,Ath_Bilbao,Real_Madrid,1,1,X,San_Mames
La_Liga,26,9,2018,Ath_Bilbao,Villarreal,0,3,2,San_Mames
La_Liga,5,10,2018,Ath_Bilbao,Sociedad,1,3,2,San_Mames
La_Liga,27,10,2018,Ath_Bilbao,Valencia,0,0,X,San_Mames
La_Liga,25,11,2018,Ath_Bilbao,Getafe,1,1,X,San_Mames
La_Liga,10,12,2018,Ath_Bilbao,Girona,1,0,1,San_Mames
La_Liga,22,12,2018,Ath_Bilbao,Valladolid,1,1,X,San_Mames
La_Liga,13,1,2019,Ath_Bilbao,Sevilla,2,0,1,San_Mames
La_Liga,27,1,2019,Ath_Bilbao,Betis,1,0,1,San_Mames
La_Liga,10,2,2019,Ath_Bilbao,Barcelona,0,0,X,San_Mames
La_Liga,23,2,2019,Ath_Bilbao,Eibar,1,0,1,San_Mames
La_Liga,8,3,2019,Ath_Bilbao,Espanol,1,1,X,San_Mames
La_Liga,16,3,2019,Ath_Bilbao,Ath_Madrid,2,0,1,San_Mames
La_Liga,3,4,2019,Ath_Bilbao,Levante,3,2,1,San_Mames
La_Liga,14,4,2019,Ath_Bilbao,Vallecano,3,2,1,San_Mames
La_Liga,27,4,2019,Ath_Bilbao,Alaves,1,1,X,San_Mames
La_Liga,12,5,2019,Ath_Bilbao,Celta,3,1,1,San_Mames
La_Liga,25,8,2018,Ath_Madrid,Vallecano,1,0,1,Wanda_Metropolitano
La_Liga,15,9,2018,Ath_Madrid,Eibar,1,1,X,Wanda_Metropolitano
La_Liga,25,9,2018,Ath_Madrid,Huesca,3,0,1,Wanda_Metropolitano
La_Liga,7,10,2018,Ath_Madrid,Betis,1,0,1,Wanda_Metropolitano
La_Liga,27,10,2018,Ath_Madrid,Sociedad,2,0,1,Wanda_Metropolitano
La_Liga,10,11,2018,Ath_Madrid,Ath_Bilbao,3,2,1,Wanda_Metropolitano
La_Liga,24,11,2018,Ath_Madrid,Barcelona,1,1,X,Wanda_Metropolitano
La_Liga,8,12,2018,Ath_Madrid,Alaves,3,0,1,Wanda_Metropolitano
La_Liga,22,12,2018,Ath_Madrid,Espanol,1,0,1,Wanda_Metropolitano
La_Liga,13,1,2019,Ath_Madrid,Levante,1,0,1,Wanda_Metropolitano
La_Liga,26,1,2019,Ath_Madrid,Getafe,2,0,1,Wanda_Metropolitano
La_Liga,9,2,2019,Ath_Madrid,Real_Madrid,1,3,2,Wanda_Metropolitano
La_Liga,24,2,2019,Ath_Madrid,Villarreal,2,0,1,Wanda_Metropolitano
La_Liga,9,3,2019,Ath_Madrid,Leganes,1,0,1,Wanda_Metropolitano
La_Liga,2,4,2019,Ath_Madrid,Girona,2,0,1,Wanda_Metropolitano
La_Liga,13,4,2019,Ath_Madrid,Celta,2,0,1,Wanda_Metropolitano
La_Liga,24,4,2019,Ath_Madrid,Valencia,3,2,1,Wanda_Metropolitano
La_Liga,27,4,2019,Ath_Madrid,Valladolid,1,0,1,Wanda_Metropolitano
La_Liga,12,5,2019,Ath_Madrid,Sevilla,1,1,X,Wanda_Metropolitano
La_Liga,18,8,2018,Barcelona,Alaves,3,0,1,Camp_Nou
La_Liga,2,9,2018,Barcelona,Huesca,8,2,1,Camp_Nou
La_Liga,23,9,2018,Barcelona,Girona,2,2,X,Camp_Nou
La_Liga,29,9,2018,Barcelona,Ath_Bilbao,1,1,X,Camp_Nou
La_Liga,20,10,2018,Barcelona,Sevilla,4,2,1,Camp_Nou
La_Liga,28,10,2018,Barcelona,Real_Madrid,5,1,1,Camp_Nou
La_Liga,11,11,2018,Barcelona,Betis,3,4,2,Camp_Nou
La_Liga,2,12,2018,Barcelona,Villarreal,2,0,1,Camp_Nou
La_Liga,22,12,2018,Barcelona,Celta,2,0,1,Camp_Nou
La_Liga,13,1,2019,Barcelona,Eibar,3,0,1,Camp_Nou
La_Liga,20,1,2019,Barcelona,Leganes,3,1,1,Camp_Nou
La_Liga,2,2,2019,Barcelona,Valencia,2,2,X,Camp_Nou
La_Liga,16,2,2019,Barcelona,Valladolid,1,0,1,Camp_Nou
La_Liga,9,3,2019,Barcelona,Vallecano,3,1,1,Camp_Nou
La_Liga,30,3,2019,Barcelona,Espanol,2,0,1,Camp_Nou
La_Liga,6,4,2019,Barcelona,Ath_Madrid,2,0,1,Camp_Nou
La_Liga,20,4,2019,Barcelona,Sociedad,2,1,1,Camp_Nou
La_Liga,27,4,2019,Barcelona,Levante,1,0,1,Camp_Nou
La_Liga,12,5,2019,Barcelona,Getafe,2,0,1,Camp_Nou
La_Liga,17,8,2018,Betis,Levante,0,3,0,Benito_Villamarin
La_Liga,2,9,2018,Betis,Sevilla,1,0,1,Benito_Villamarin
La_Liga,23,9,2018,Betis,Ath_Bilbao,2,2,X,Benito_Villamarin
La_Liga,30,9,2018,Betis,Leganes,1,0,1,Benito_Villamarin
La_Liga,21,10,2018,Betis,Valladolid,0,1,2,Benito_Villamarin
La_Liga,4,11,2018,Betis,Celta,3,3,X,Benito_Villamarin
La_Liga,2,12,2018,Betis,Sociedad,1,0,1,Benito_Villamarin
La_Liga,9,12,2018,Betis,Vallecano,2,0,1,Benito_Villamarin
La_Liga,22,12,2018,Betis,Eibar,1,1,X,Benito_Villamarin
La_Liga,13,1,2019,Betis,Real_Madrid,1,2,2,Benito_Villamarin
La_Liga,20,1,2019,Betis,Girona,3,2,1,Benito_Villamarin
La_Liga,3,2,2019,Betis,Ath_Madrid,1,0,1,Benito_Villamarin
La_Liga,17,2,2019,Betis,Alaves,1,1,X,Benito_Villamarin
La_Liga,3,3,2019,Betis,Getafe,1,2,2,Benito_Villamarin
La_Liga,17,3,2019,Betis,Barcelona,1,4,2,Benito_Villamarin
La_Liga,7,4,2019,Betis,Villarreal,2,1,1,Benito_Villamarin
La_Liga,21,4,2019,Betis,Valencia,1,2,2,Benito_Villamarin
La_Liga,29,4,2019,Betis,Espanol,1,1,X,Benito_Villamarin
La_Liga,12,5,2019,Betis,Huesca,2,1,1,Benito_Villamarin
La_Liga,18,8,2018,Celta,Espanol,1,1,X,Balaidos
La_Liga,1,9,2018,Celta,Ath_Madrid,2,0,1,Balaidos
La_Liga,22,9,2018,Celta,Valladolid,3,3,X,Balaidos
La_Liga,1,10,2018,Celta,Getafe,1,1,X,Balaidos
La_Liga,19,10,2018,Celta,Alaves,0,1,2,Balaidos
La_Liga,27,10,2018,Celta,Eibar,4,0,1,Balaidos
La_Liga,11,11,2018,Celta,Real_Madrid,2,4,2,Balaidos
La_Liga,1,12,2018,Celta,Huesca,2,0,1,Balaidos
La_Liga,14,12,2018,Celta,Leganes,0,0,X,Balaidos
La_Liga,7,1,2019,Celta,Ath_Bilbao,1,2,2,Balaidos
La_Liga,19,1,2019,Celta,Valencia,1,2,2,Balaidos
La_Liga,2,2,2019,Celta,Sevilla,1,0,1,Balaidos
La_Liga,16,2,2019,Celta,Levante,1,4,2,Balaidos
La_Liga,10,3,2019,Celta,Betis,0,1,2,Balaidos
La_Liga,30,3,2019,Celta,Villarreal,3,2,1,Balaidos
La_Liga,7,4,2019,Celta,Sociedad,3,1,1,Balaidos
La_Liga,20,4,2019,Celta,Girona,2,1,1,Balaidos
La_Liga,4,5,2019,Celta,Barcelona,2,0,1,Balaidos
La_Liga,18,5,2019,Celta,Vallecano,2,2,X,Balaidos
La_Liga,19,8,2018,Eibar,Huesca,1,2,2,Ipurua
La_Liga,31,8,2018,Eibar,Sociedad,2,1,1,Ipurua
La_Liga,22,9,2018,Eibar,Leganes,1,0,1,Ipurua
La_Liga,29,9,2018,Eibar,Sevilla,1,3,2,Ipurua
La_Liga,21,10,2018,Eibar,Ath_Bilbao,1,1,X,Ipurua
La_Liga,4,11,2018,Eibar,Alaves,2,1,1,Ipurua
La_Liga,24,11,2018,Eibar,Real_Madrid,3,0,1,Ipurua
La_Liga,9,12,2018,Eibar,Levante,4,4,X,Ipurua
La_Liga,15,12,2018,Eibar,Valencia,1,1,X,Ipurua
La_Liga,6,1,2019,Eibar,Villarreal,0,0,X,Ipurua
La_Liga,21,1,2019,Eibar,Espanol,3,0,1,Ipurua
La_Liga,3,2,2019,Eibar,Girona,3,0,1,Ipurua
La_Liga,15,2,2019,Eibar,Getafe,2,2,X,Ipurua
La_Liga,3,3,2019,Eibar,Celta,1,0,1,Ipurua
La_Liga,17,3,2019,Eibar,Valladolid,1,2,2,Ipurua
La_Liga,3,4,2019,Eibar,Vallecano,2,1,1,Ipurua
La_Liga,20,4,2019,Eibar,Ath_Madrid,0,1,2,Ipurua
La_Liga,5,5,2019,Eibar,Betis,1,0,1,Ipurua
La_Liga,19,5,2019,Eibar,Barcelona,2,2,X,Ipurua
La_Liga,26,8,2018,Espanol,Valencia,2,0,1,RCDE_Stadium
La_Liga,16,9,2018,Espanol,Levante,1,0,1,RCDE_Stadium
La_Liga,25,9,2018,Espanol,Eibar,1,0,1,RCDE_Stadium
La_Liga,7,10,2018,Espanol,Villarreal,3,1,1,RCDE_Stadium
La_Liga,5,11,2018,Espanol,Ath_Bilbao,1,0,1,RCDE_Stadium
La_Liga,25,11,2018,Espanol,Girona,1,3,2,RCDE_Stadium
La_Liga,8,12,2018,Espanol,Barcelona,0,4,2,RCDE_Stadium
La_Liga,16,12,2018,Espanol,Betis,1,3,2,RCDE_Stadium
La_Liga,4,1,2019,Espanol,Leganes,1,0,1,RCDE_Stadium
La_Liga,27,1,2019,Espanol,Real_Madrid,2,4,2,RCDE_Stadium
La_Liga,9,2,2019,Espanol,Vallecano,2,1,1,RCDE_Stadium
La_Liga,22,2,2019,Espanol,Huesca,1,1,X,RCDE_Stadium
La_Liga,2,3,2019,Espanol,Valladolid,3,1,1,RCDE_Stadium
La_Liga,17,3,2019,Espanol,Sevilla,0,1,2,RCDE_Stadium
La_Liga,2,4,2019,Espanol,Getafe,1,1,X,RCDE_Stadium
La_Liga,13,4,2019,Espanol,Alaves,2,1,1,RCDE_Stadium
La_Liga,24,4,2019,Espanol,Celta,1,1,X,RCDE_Stadium
La_Liga,4,5,2019,Espanol,Ath_Madrid,3,0,1,RCDE_Stadium
La_Liga,18,5,2019,Espanol,Sociedad,2,0,1,RCDE_Stadium
La_Liga,24,8,2018,Getafe,Eibar,2,0,1,Coliseum_Alfonso_Perez
La_Liga,31,8,2018,Getafe,Valladolid,0,0,X,Coliseum_Alfonso_Perez
La_Liga,22,9,2018,Getafe,Ath_Madrid,0,2,2,Coliseum_Alfonso_Perez
La_Liga,6,10,2018,Getafe,Levante,0,1,2,Coliseum_Alfonso_Perez
La_Liga,28,10,2018,Getafe,Betis,2,0,1,Coliseum_Alfonso_Perez
La_Liga,10,11,2018,Getafe,Valencia,0,1,2,Coliseum_Alfonso_Perez
La_Liga,1,12,2018,Getafe,Espanol,3,0,1,Coliseum_Alfonso_Perez
La_Liga,15,12,2018,Getafe,Sociedad,1,0,1,Coliseum_Alfonso_Perez
La_Liga,6,1,2019,Getafe,Barcelona,1,2,2,Coliseum_Alfonso_Perez
La_Liga,18,1,2019,Getafe,Alaves,4,0,1,Coliseum_Alfonso_Perez
La_Liga,9,2,2019,Getafe,Celta,3,1,1,Coliseum_Alfonso_Perez
La_Liga,23,2,2019,Getafe,Vallecano,2,1,1,Coliseum_Alfonso_Perez
La_Liga,9,3,2019,Getafe,Huesca,2,1,1,Coliseum_Alfonso_Perez
La_Liga,30,3,2019,Getafe,Leganes,0,2,2,Coliseum_Alfonso_Perez
La_Liga,7,4,2019,Getafe,Ath_Bilbao,1,0,1,Coliseum_Alfonso_Perez
La_Liga,21,4,2019,Getafe,Sevilla,3,0,1,Coliseum_Alfonso_Perez
La_Liga,25,4,2019,Getafe,Real_Madrid,0,0,X,Coliseum_Alfonso_Perez
La_Liga,5,5,2019,Getafe,Girona,2,0,1,Coliseum_Alfonso_Perez
La_Liga,18,5,2019,Getafe,Villarreal,2,2,X,Coliseum_Alfonso_Perez
La_Liga,17,8,2018,Girona,Valladolid,0,0,X,Montilivi
La_Liga,26,8,2018,Girona,Real_Madrid,1,4,2,Montilivi
La_Liga,17,9,2018,Girona,Celta,3,2,1,Montilivi
La_Liga,27,9,2018,Girona,Betis,0,1,2,Montilivi
La_Liga,6,10,2018,Girona,Eibar,2,3,2,Montilivi
La_Liga,27,10,2018,Girona,Vallecano,2,1,1,Montilivi
La_Liga,10,11,2018,Girona,Leganes,0,0,X,Montilivi
La_Liga,2,12,2018,Girona,Ath_Madrid,1,1,X,Montilivi
La_Liga,21,12,2018,Girona,Getafe,1,1,X,Montilivi
La_Liga,12,1,2019,Girona,Alaves,1,1,X,Montilivi
La_Liga,27,1,2019,Girona,Barcelona,0,2,2,Montilivi
La_Liga,9,2,2019,Girona,Huesca,0,2,2,Montilivi
La_Liga,25,2,2019,Girona,Sociedad,0,0,X,Montilivi
La_Liga,10,3,2019,Girona,Valencia,2,3,2,Montilivi
La_Liga,29,3,2019,Girona,Ath_Bilbao,1,2,2,Montilivi
La_Liga,6,4,2019,Girona,Espanol,1,2,2,Montilivi
La_Liga,14,4,2019,Girona,Villarreal,0,1,2,Montilivi
La_Liga,28,4,2019,Girona,Sevilla,1,0,1,Montilivi
La_Liga,12,5,2019,Girona,Levante,1,2,2,Montilivi
La_Liga,14,9,2018,Huesca,Vallecano,0,1,2,El_Alcoraz
La_Liga,21,9,2018,Huesca,Sociedad,0,1,2,El_Alcoraz
La_Liga,30,9,2018,Huesca,Girona,1,1,X,El_Alcoraz
La_Liga,21,10,2018,Huesca,Espanol,0,2,2,El_Alcoraz
La_Liga,4,11,2018,Huesca,Getafe,1,1,X,El_Alcoraz
La_Liga,24,11,2018,Huesca,Levante,2,2,X,El_Alcoraz
La_Liga,9,12,2018,Huesca,Real_Madrid,0,1,2,El_Alcoraz
La_Liga,16,12,2018,Huesca,Villarreal,2,2,X,El_Alcoraz
La_Liga,5,1,2019,Huesca,Betis,2,1,1,El_Alcoraz
La_Liga,19,1,2019,Huesca,Ath_Madrid,0,3,2,El_Alcoraz
La_Liga,1,2,2019,Huesca,Valladolid,4,0,1,El_Alcoraz
La_Liga,18,2,2019,Huesca,Ath_Bilbao,0,1,2,El_Alcoraz
La_Liga,2,3,2019,Huesca,Sevilla,2,1,1,El_Alcoraz
La_Liga,16,3,2019,Huesca,Alaves,1,3,2,El_Alcoraz
La_Liga,3,4,2019,Huesca,Celta,3,3,X,El_Alcoraz
La_Liga,13,4,2019,Huesca,Barcelona,0,0,X,El_Alcoraz
La_Liga,23,4,2019,Huesca,Eibar,2,0,1,El_Alcoraz
La_Liga,5,5,2019,Huesca,Valencia,2,6,2,El_Alcoraz
La_Liga,18,5,2019,Huesca,Leganes,2,1,1,El_Alcoraz
La_Liga,24,8,2018,Leganes,Sociedad,2,2,X,Butarque
La_Liga,16,9,2018,Leganes,Villarreal,0,1,2,Butarque
La_Liga,26,9,2018,Leganes,Barcelona,2,1,1,Butarque
La_Liga,6,10,2018,Leganes,Vallecano,1,0,1,Butarque
La_Liga,3,11,2018,Leganes,Ath_Madrid,1,1,X,Butarque
La_Liga,23,11,2018,Leganes,Alaves,1,0,1,Butarque
La_Liga,7,12,2018,Leganes,Getafe,1,1,X,Butarque
La_Liga,23,12,2018,Leganes,Sevilla,1,1,X,Butarque
La_Liga,12,1,2019,Leganes,Huesca,1,0,1,Butarque
La_Liga,26,1,2019,Leganes,Eibar,2,2,X,Butarque
La_Liga,10,2,2019,Leganes,Betis,3,0,1,Butarque
La_Liga,24,2,2019,Leganes,Valencia,1,1,X,Butarque
La_Liga,4,3,2019,Leganes,Levante,1,0,1,Butarque
La_Liga,16,3,2019,Leganes,Girona,0,2,2,Butarque
La_Liga,4,4,2019,Leganes,Valladolid,1,0,1,Butarque
La_Liga,15,4,2019,Leganes,Real_Madrid,1,1,X,Butarque
La_Liga,24,4,2019,Leganes,Ath_Bilbao,0,1,2,Butarque
La_Liga,27,4,2019,Leganes,Celta,0,0,X,Butarque
La_Liga,12,5,2019,Leganes,Espanol,0,2,2,Butarque
La_Liga,27,8,2018,Levante,Celta,1,2,2,Estadio_Ciutat_de_Valencia
La_Liga,2,9,2018,Levante,Valencia,2,2,X,Estadio_Ciutat_de_Valencia
La_Liga,23,9,2018,Levante,Sevilla,2,6,2,Estadio_Ciutat_de_Valencia
La_Liga,30,9,2018,Levante,Alaves,2,1,1,Estadio_Ciutat_de_Valencia
La_Liga,27,10,2018,Levante,Leganes,2,0,1,Estadio_Ciutat_de_Valencia
La_Liga,9,11,2018,Levante,Sociedad,1,3,2,Estadio_Ciutat_de_Valencia
La_Liga,3,12,2018,Levante,Ath_Bilbao,3,0,1,Estadio_Ciutat_de_Valencia
La_Liga,16,12,2018,Levante,Barcelona,0,5,2,Estadio_Ciutat_de_Valencia
La_Liga,4,1,2019,Levante,Girona,2,2,X,Estadio_Ciutat_de_Valencia
La_Liga,20,1,2019,Levante,Valladolid,2,0,1,Estadio_Ciutat_de_Valencia
La_Liga,2,2,2019,Levante,Getafe,0,0,X,Estadio_Ciutat_de_Valencia
La_Liga,24,2,2019,Levante,Real_Madrid,1,2,2,Estadio_Ciutat_de_Valencia
La_Liga,10,3,2019,Levante,Villarreal,0,2,2,Estadio_Ciutat_de_Valencia
La_Liga,31,3,2019,Levante,Eibar,2,2,X,Estadio_Ciutat_de_Valencia
La_Liga,7,4,2019,Levante,Huesca,2,2,X,Estadio_Ciutat_de_Valencia
La_Liga,21,4,2019,Levante,Espanol,2,2,X,Estadio_Ciutat_de_Valencia
La_Liga,24,4,2019,Levante,Betis,4,0,1,Estadio_Ciutat_de_Valencia
La_Liga,4,5,2019,Levante,Vallecano,4,1,1,Estadio_Ciutat_de_Valencia
La_Liga,18,5,2019,Levante,Ath_Madrid,2,2,X,Estadio_Ciutat_de_Valencia
La_Liga,19,8,2018,Real_Madrid,Getafe,2,0,1,Santiago_Bernabeu
La_Liga,1,9,2018,Real_Madrid,Leganes,4,1,1,Santiago_Bernabeu
La_Liga,22,9,2018,Real_Madrid,Espanol,1,0,1,Santiago_Bernabeu
La_Liga,29,9,2018,Real_Madrid,Ath_Madrid,0,0,X,Santiago_Bernabeu
La_Liga,20,10,2018,Real_Madrid,Levante,1,2,2,Santiago_Bernabeu
La_Liga,3,11,2018,Real_Madrid,Valladolid,2,0,1,Santiago_Bernabeu
La_Liga,1,12,2018,Real_Madrid,Valencia,2,0,1,Santiago_Bernabeu
La_Liga,15,12,2018,Real_Madrid,Vallecano,1,0,1,Santiago_Bernabeu
La_Liga,6,1,2019,Real_Madrid,Sociedad,0,2,2,Santiago_Bernabeu
La_Liga,19,1,2019,Real_Madrid,Sevilla,2,0,1,Santiago_Bernabeu
La_Liga,3,2,2019,Real_Madrid,Alaves,3,0,1,Santiago_Bernabeu
La_Liga,17,2,2019,Real_Madrid,Girona,1,2,2,Santiago_Bernabeu
La_Liga,2,3,2019,Real_Madrid,Barcelona,0,1,2,Santiago_Bernabeu
La_Liga,16,3,2019,Real_Madrid,Celta,2,0,1,Santiago_Bernabeu
La_Liga,31,3,2019,Real_Madrid,Huesca,3,2,1,Santiago_Bernabeu
La_Liga,6,4,2019,Real_Madrid,Eibar,2,1,1,Santiago_Bernabeu
La_Liga,21,4,2019,Real_Madrid,Ath_Bilbao,3,0,1,Santiago_Bernabeu
La_Liga,5,5,2019,Real_Madrid,Villarreal,3,2,1,Santiago_Bernabeu
La_Liga,19,5,2019,Real_Madrid,Betis,0,2,2,Santiago_Bernabeu
La_Liga,26,8,2018,Sevilla,Villarreal,0,0,X,Ramon_Sanchez_Pizjuan
La_Liga,16,9,2018,Sevilla,Getafe,0,2,2,Ramon_Sanchez_Pizjuan
La_Liga,26,9,2018,Sevilla,Real_Madrid,3,0,1,Ramon_Sanchez_Pizjuan
La_Liga,7,10,2018,Sevilla,Celta,2,1,1,Ramon_Sanchez_Pizjuan
La_Liga,28,10,2018,Sevilla,Huesca,2,1,1,Ramon_Sanchez_Pizjuan
La_Liga,11,11,2018,Sevilla,Espanol,2,1,1,Ramon_Sanchez_Pizjuan
La_Liga,25,11,2018,Sevilla,Valladolid,1,0,1,Ramon_Sanchez_Pizjuan
La_Liga,16,12,2018,Sevilla,Girona,2,0,1,Ramon_Sanchez_Pizjuan
La_Liga,6,1,2019,Sevilla,Ath_Madrid,1,1,X,Ramon_Sanchez_Pizjuan
La_Liga,26,1,2019,Sevilla,Levante,5,0,1,Ramon_Sanchez_Pizjuan
La_Liga,10,2,2019,Sevilla,Eibar,2,2,X,Ramon_Sanchez_Pizjuan
La_Liga,23,2,2019,Sevilla,Barcelona,2,4,2,Ramon_Sanchez_Pizjuan
La_Liga,10,3,2019,Sevilla,Sociedad,5,2,1,Ramon_Sanchez_Pizjuan
La_Liga,31,3,2019,Sevilla,Valencia,0,1,2,Ramon_Sanchez_Pizjuan
La_Liga,4,4,2019,Sevilla,Alaves,2,0,1,Ramon_Sanchez_Pizjuan
La_Liga,13,4,2019,Sevilla,Betis,3,2,1,Ramon_Sanchez_Pizjuan
La_Liga,25,4,2019,Sevilla,Vallecano,5,0,1,Ramon_Sanchez_Pizjuan
La_Liga,3,5,2019,Sevilla,Leganes,0,3,2,Ramon_Sanchez_Pizjuan
La_Liga,18,5,2019,Sevilla,Ath_Bilbao,2,0,1,Ramon_Sanchez_Pizjuan
La_Liga,15,9,2018,Sociedad,Barcelona,1,2,2,Anoeta
La_Liga,25,9,2018,Sociedad,Vallecano,2,2,X,Anoeta
La_Liga,29,9,2018,Sociedad,Valencia,0,1,2,Anoeta
La_Liga,22,10,2018,Sociedad,Girona,0,0,X,Anoeta
La_Liga,4,11,2018,Sociedad,Sevilla,0,0,X,Anoeta
La_Liga,26,11,2018,Sociedad,Celta,2,1,1,Anoeta
La_Liga,9,12,2018,Sociedad,Valladolid,1,2,2,Anoeta
La_Liga,21,12,2018,Sociedad,Alaves,0,1,2,Anoeta
La_Liga,14,1,2019,Sociedad,Espanol,3,2,1,Anoeta
La_Liga,27,1,2019,Sociedad,Huesca,0,0,X,Anoeta
La_Liga,2,2,2019,Sociedad,Ath_Bilbao,2,1,1,Anoeta
La_Liga,16,2,2019,Sociedad,Leganes,3,0,1,Anoeta
La_Liga,3,3,2019,Sociedad,Ath_Madrid,0,2,2,Anoeta
La_Liga,15,3,2019,Sociedad,Levante,1,1,X,Anoeta
La_Liga,4,4,2019,Sociedad,Betis,2,1,1,Anoeta
La_Liga,14,4,2019,Sociedad,Eibar,1,1,X,Anoeta
La_Liga,25,4,2019,Sociedad,Villarreal,0,1,2,Anoeta
La_Liga,28,4,2019,Sociedad,Getafe,2,1,1,Anoeta
La_Liga,12,5,2019,Sociedad,Real_Madrid,3,1,1,Anoeta
La_Liga,20,8,2018,Valencia,Ath_Madrid,1,1,X,Mestalla
La_Liga,15,9,2018,Valencia,Betis,0,0,X,Mestalla
La_Liga,26,9,2018,Valencia,Celta,1,1,X,Mestalla
La_Liga,7,10,2018,Valencia,Barcelona,1,1,X,Mestalla
La_Liga,20,10,2018,Valencia,Leganes,1,1,X,Mestalla
La_Liga,3,11,2018,Valencia,Girona,0,1,2,Mestalla
La_Liga,24,11,2018,Valencia,Vallecano,3,0,1,Mestalla
La_Liga,8,12,2018,Valencia,Sevilla,1,1,X,Mestalla
La_Liga,23,12,2018,Valencia,Huesca,2,1,1,Mestalla
La_Liga,12,1,2019,Valencia,Valladolid,1,1,X,Mestalla
La_Liga,26,1,2019,Valencia,Villarreal,3,0,1,Mestalla
La_Liga,10,2,2019,Valencia,Sociedad,0,0,X,Mestalla
La_Liga,17,2,2019,Valencia,Espanol,0,0,X,Mestalla
La_Liga,3,3,2019,Valencia,Ath_Bilbao,2,0,1,Mestalla
La_Liga,17,3,2019,Valencia,Getafe,0,0,X,Mestalla
La_Liga,3,4,2019,Valencia,Real_Madrid,2,1,1,Mestalla
La_Liga,14,4,2019,Valencia,Levante,3,1,1,Mestalla
La_Liga,28,4,2019,Valencia,Eibar,0,1,2,Mestalla
La_Liga,12,5,2019,Valencia,Alaves,3,1,1,Mestalla
La_Liga,25,8,2018,Valladolid,Barcelona,0,1,2,Jose_Zorrilla
La_Liga,16,9,2018,Valladolid,Alaves,0,1,2,Jose_Zorrilla
La_Liga,27,9,2018,Valladolid,Levante,2,1,1,Jose_Zorrilla
La_Liga,7,10,2018,Valladolid,Huesca,1,0,1,Jose_Zorrilla
La_Liga,26,10,2018,Valladolid,Espanol,1,1,X,Jose_Zorrilla
La_Liga,10,11,2018,Valladolid,Eibar,0,0,X,Jose_Zorrilla
La_Liga,1,12,2018,Valladolid,Leganes,2,4,2,Jose_Zorrilla
La_Liga,15,12,2018,Valladolid,Ath_Madrid,2,3,2,Jose_Zorrilla
La_Liga,5,1,2019,Valladolid,Vallecano,0,1,2,Jose_Zorrilla
La_Liga,27,1,2019,Valladolid,Celta,2,1,1,Jose_Zorrilla
La_Liga,8,2,2019,Valladolid,Villarreal,0,0,X,Jose_Zorrilla
La_Liga,24,2,2019,Valladolid,Betis,0,2,2,Jose_Zorrilla
La_Liga,10,3,2019,Valladolid,Real_Madrid,1,4,2,Jose_Zorrilla
La_Liga,31,3,2019,Valladolid,Sociedad,1,1,X,Jose_Zorrilla
La_Liga,7,4,2019,Valladolid,Sevilla,0,2,2,Jose_Zorrilla
La_Liga,14,4,2019,Valladolid,Getafe,2,2,X,Jose_Zorrilla
La_Liga,23,4,2019,Valladolid,Girona,1,0,1,Jose_Zorrilla
La_Liga,5,5,2019,Valladolid,Ath_Bilbao,1,0,1,Jose_Zorrilla
La_Liga,18,5,2019,Valladolid,Valencia,0,2,2,Jose_Zorrilla
La_Liga,19,8,2018,Vallecano,Sevilla,1,4,2,Campo_de_Vallecas
La_Liga,22,9,2018,Vallecano,Alaves,1,5,2,Campo_de_Vallecas
La_Liga,28,9,2018,Vallecano,Espanol,2,2,X,Campo_de_Vallecas
La_Liga,21,10,2018,Vallecano,Getafe,1,2,2,Campo_de_Vallecas
La_Liga,24,10,2018,Vallecano,Ath_Bilbao,1,1,X,Campo_de_Vallecas
La_Liga,3,11,2018,Vallecano,Barcelona,2,3,2,Campo_de_Vallecas
La_Liga,11,11,2018,Vallecano,Villarreal,2,2,X,Campo_de_Vallecas
La_Liga,30,11,2018,Vallecano,Eibar,1,0,1,Campo_de_Vallecas
La_Liga,23,12,2018,Vallecano,Levante,2,1,1,Campo_de_Vallecas
La_Liga,11,1,2019,Vallecano,Celta,4,2,1,Campo_de_Vallecas
La_Liga,20,1,2019,Vallecano,Sociedad,2,2,X,Campo_de_Vallecas
La_Liga,4,2,2019,Vallecano,Leganes,1,2,2,Campo_de_Vallecas
La_Liga,16,2,2019,Vallecano,Ath_Madrid,0,1,2,Campo_de_Vallecas
La_Liga,1,3,2019,Vallecano,Girona,0,2,2,Campo_de_Vallecas
La_Liga,31,3,2019,Vallecano,Betis,1,1,X,Campo_de_Vallecas
La_Liga,6,4,2019,Vallecano,Valencia,2,0,1,Campo_de_Vallecas
La_Liga,20,4,2019,Vallecano,Huesca,0,0,X,Campo_de_Vallecas
La_Liga,28,4,2019,Vallecano,Real_Madrid,1,0,1,Campo_de_Vallecas
La_Liga,12,5,2019,Vallecano,Valladolid,1,2,2,Campo_de_Vallecas
La_Liga,18,8,2018,Villarreal,Sociedad,1,2,2,Estadio_de_la_Ceramica
La_Liga,31,8,2018,Villarreal,Girona,0,1,2,Estadio_de_la_Ceramica
La_Liga,23,9,2018,Villarreal,Valencia,0,0,X,Estadio_de_la_Ceramica
La_Liga,30,9,2018,Villarreal,Valladolid,0,1,2,Estadio_de_la_Ceramica
La_Liga,20,10,2018,Villarreal,Ath_Madrid,1,1,X,Estadio_de_la_Ceramica
La_Liga,4,11,2018,Villarreal,Levante,1,1,X,Estadio_de_la_Ceramica
La_Liga,25,11,2018,Villarreal,Betis,2,1,1,Estadio_de_la_Ceramica
La_Liga,8,12,2018,Villarreal,Celta,2,3,2,Estadio_de_la_Ceramica
La_Liga,3,1,2019,Villarreal,Real_Madrid,2,2,X,Estadio_de_la_Ceramica
La_Liga,12,1,2019,Villarreal,Getafe,1,2,2,Estadio_de_la_Ceramica
La_Liga,20,1,2019,Villarreal,Ath_Bilbao,1,1,X,Estadio_de_la_Ceramica
La_Liga,3,2,2019,Villarreal,Espanol,2,2,X,Estadio_de_la_Ceramica
La_Liga,17,2,2019,Villarreal,Sevilla,3,0,1,Estadio_de_la_Ceramica
La_Liga,2,3,2019,Villarreal,Alaves,1,2,2,Estadio_de_la_Ceramica
La_Liga,17,3,2019,Villarreal,Vallecano,3,1,1,Estadio_de_la_Ceramica
La_Liga,2,4,2019,Villarreal,Barcelona,4,4,X,Estadio_de_la_Ceramica
La_Liga,21,4,2019,Villarreal,Leganes,2,1,1,Estadio_de_la_Ceramica
La_Liga,28,4,2019,Villarreal,Huesca,1,1,X,Estadio_de_la_Ceramica
La_Liga,12,5,2019,Villarreal,Eibar,1,0,1,Estadio_de_la_Ceramica
Premier_League,12,8,2018,Arsenal,Man_City,0,2,2,Emirates_Stadium
Premier_League,25,8,2018,Arsenal,West_Ham,3,1,1,Emirates_Stadium
Premier_League,23,9,2018,Arsenal,Everton,2,0,1,Emirates_Stadium
Premier_League,29,9,2018,Arsenal,Watford,2,0,1,Emirates_Stadium
Premier_League,22,10,2018,Arsenal,Leicester,3,1,1,Emirates_Stadium
Premier_League,3,11,2018,Arsenal,Liverpool,1,1,X,Emirates_Stadium
Premier_League,11,11,2018,Arsenal,Wolves,1,1,X,Emirates_Stadium
Premier_League,2,12,2018,Arsenal,Tottenham,4,2,1,Emirates_Stadium
Premier_League,8,12,2018,Arsenal,Huddersfield,1,0,1,Emirates_Stadium
Premier_League,22,12,2018,Arsenal,Burnley,3,1,1,Emirates_Stadium
Premier_League,1,1,2019,Arsenal,Fulham,4,1,1,Emirates_Stadium
Premier_League,19,1,2019,Arsenal,Chelsea,2,0,1,Emirates_Stadium
Premier_League,29,1,2019,Arsenal,Cardiff,2,1,1,Emirates_Stadium
Premier_League,24,2,2019,Arsenal,Southampton,2,0,1,Emirates_Stadium
Premier_League,27,2,2019,Arsenal,Bournemouth,5,1,1,Emirates_Stadium
Premier_League,10,3,2019,Arsenal,Man_United,2,0,1,Emirates_Stadium
Premier_League,1,4,2019,Arsenal,Newcastle,2,0,1,Emirates_Stadium
Premier_League,21,4,2019,Arsenal,Crystal_Palace,2,3,2,Emirates_Stadium
Premier_League,5,5,2019,Arsenal,Brighton,1,1,X,Emirates_Stadium
Premier_League,11,8,2018,Bournemouth,Cardiff,2,0,1,Vitality_Stadium
Premier_League,25,8,2018,Bournemouth,Everton,2,2,X,Vitality_Stadium
Premier_League,15,9,2018,Bournemouth,Leicester,4,2,1,Vitality_Stadium
Premier_League,1,10,2018,Bournemouth,Crystal_Palace,2,1,1,Vitality_Stadium
Premier_League,20,10,2018,Bournemouth,Southampton,0,0,X,Vitality_Stadium
Premier_League,3,11,2018,Bournemouth,Man_United,1,2,2,Vitality_Stadium
Premier_League,25,11,2018,Bournemouth,Arsenal,1,2,2,Vitality_Stadium
Premier_League,4,12,2018,Bournemouth,Huddersfield,2,1,1,Vitality_Stadium
Premier_League,8,12,2018,Bournemouth,Liverpool,0,4,2,Vitality_Stadium
Premier_League,22,12,2018,Bournemouth,Brighton,2,0,1,Vitality_Stadium
Premier_League,2,1,2019,Bournemouth,Watford,3,3,X,Vitality_Stadium
Premier_League,19,1,2019,Bournemouth,West_Ham,2,0,1,Vitality_Stadium
Premier_League,30,1,2019,Bournemouth,Chelsea,4,0,1,Vitality_Stadium
Premier_League,23,2,2019,Bournemouth,Wolves,1,1,X,Vitality_Stadium
Premier_League,2,3,2019,Bournemouth,Man_City,0,1,2,Vitality_Stadium
Premier_League,16,3,2019,Bournemouth,Newcastle,2,2,X,Vitality_Stadium
Premier_League,6,4,2019,Bournemouth,Burnley,1,3,2,Vitality_Stadium
Premier_League,20,4,2019,Bournemouth,Fulham,0,1,2,Vitality_Stadium
Premier_League,4,5,2019,Bournemouth,Tottenham,1,0,1,Vitality_Stadium
Premier_League,19,8,2018,Brighton,Man_United,3,2,1,Amex_Stadium
Premier_League,1,9,2018,Brighton,Fulham,2,2,X,Amex_Stadium
Premier_League,22,9,2018,Brighton,Tottenham,1,2,2,Amex_Stadium
Premier_League,5,10,2018,Brighton,West_Ham,1,0,1,Amex_Stadium
Premier_League,27,10,2018,Brighton,Wolves,1,0,1,Amex_Stadium
Premier_League,24,11,2018,Brighton,Leicester,1,1,X,Amex_Stadium
Premier_League,4,12,2018,Brighton,Crystal_Palace,3,1,1,Amex_Stadium
Premier_League,16,12,2018,Brighton,Chelsea,1,2,2,Amex_Stadium
Premier_League,26,12,2018,Brighton,Arsenal,1,1,X,Amex_Stadium
Premier_League,29,12,2018,Brighton,Everton,1,0,1,Amex_Stadium
Premier_League,12,1,2019,Brighton,Liverpool,0,1,2,Amex_Stadium
Premier_League,2,2,2019,Brighton,Watford,0,0,X,Amex_Stadium
Premier_League,9,2,2019,Brighton,Burnley,1,3,2,Amex_Stadium
Premier_League,2,3,2019,Brighton,Huddersfield,1,0,1,Amex_Stadium
Premier_League,30,3,2019,Brighton,Southampton,0,1,2,Amex_Stadium
Premier_League,13,4,2019,Brighton,Bournemouth,0,5,2,Amex_Stadium
Premier_League,16,4,2019,Brighton,Cardiff,0,2,2,Amex_Stadium
Premier_League,27,4,2019,Brighton,Newcastle,1,1,X,Amex_Stadium
Premier_League,12,5,2019,Brighton,Man_City,1,4,2,Amex_Stadium
Premier_League,19,8,2018,Burnley,Watford,1,3,2,Turf_Moor
Premier_League,2,9,2018,Burnley,Man_United,0,2,2,Turf_Moor
Premier_League,22,9,2018,Burnley,Bournemouth,4,0,1,Turf_Moor
Premier_League,6,10,2018,Burnley,Huddersfield,1,1,X,Turf_Moor
Premier_League,28,10,2018,Burnley,Chelsea,0,4,2,Turf_Moor
Premier_League,26,11,2018,Burnley,Newcastle,1,2,2,Turf_Moor
Premier_League,5,12,2018,Burnley,Liverpool,1,3,2,Turf_Moor
Premier_League,8,12,2018,Burnley,Brighton,1,0,1,Turf_Moor
Premier_League,26,12,2018,Burnley,Everton,1,5,2,Turf_Moor
Premier_League,30,12,2018,Burnley,West_Ham,2,0,1,Turf_Moor
Premier_League,12,1,2019,Burnley,Fulham,2,1,1,Turf_Moor
Premier_League,2,2,2019,Burnley,Southampton,1,1,X,Turf_Moor
Premier_League,23,2,2019,Burnley,Tottenham,2,1,1,Turf_Moor
Premier_League,2,3,2019,Burnley,Crystal_Palace,1,3,2,Turf_Moor
Premier_League,16,3,2019,Burnley,Leicester,1,2,2,Turf_Moor
Premier_League,30,3,2019,Burnley,Wolves,2,0,1,Turf_Moor
Premier_League,13,4,2019,Burnley,Cardiff,2,0,1,Turf_Moor
Premier_League,28,4,2019,Burnley,Man_City,0,1,2,Turf_Moor
Premier_League,12,5,2019,Burnley,Arsenal,1,3,2,Turf_Moor
Premier_League,18,8,2018,Cardiff,Newcastle,0,0,X,Cardiff_City_Stadium
Premier_League,2,9,2018,Cardiff,Arsenal,2,3,2,Cardiff_City_Stadium
Premier_League,22,9,2018,Cardiff,Man_City,0,5,2,Cardiff_City_Stadium
Premier_League,30,9,2018,Cardiff,Burnley,1,2,2,Cardiff_City_Stadium
Premier_League,20,10,2018,Cardiff,Fulham,4,2,1,Cardiff_City_Stadium
Premier_League,3,11,2018,Cardiff,Leicester,0,1,2,Cardiff_City_Stadium
Premier_League,10,11,2018,Cardiff,Brighton,2,1,1,Cardiff_City_Stadium
Premier_League,30,11,2018,Cardiff,Wolves,2,1,1,Cardiff_City_Stadium
Premier_League,8,12,2018,Cardiff,Southampton,1,0,1,Cardiff_City_Stadium
Premier_League,22,12,2018,Cardiff,Man_United,1,5,2,Cardiff_City_Stadium
Premier_League,1,1,2019,Cardiff,Tottenham,0,3,2,Cardiff_City_Stadium
Premier_League,12,1,2019,Cardiff,Huddersfield,0,0,X,Cardiff_City_Stadium
Premier_League,2,2,2019,Cardiff,Bournemouth,2,0,1,Cardiff_City_Stadium
Premier_League,22,2,2019,Cardiff,Watford,1,5,2,Cardiff_City_Stadium
Premier_League,26,2,2019,Cardiff,Everton,0,3,2,Cardiff_City_Stadium
Premier_League,9,3,2019,Cardiff,West_Ham,2,0,1,Cardiff_City_Stadium
Premier_League,31,3,2019,Cardiff,Chelsea,1,2,2,Cardiff_City_Stadium
Premier_League,21,4,2019,Cardiff,Liverpool,0,2,2,Cardiff_City_Stadium
Premier_League,4,5,2019,Cardiff,Crystal_Palace,2,3,2,Cardiff_City_Stadium
Premier_League,18,8,2018,Chelsea,Arsenal,3,2,1,Stamford_Bridge
Premier_League,1,9,2018,Chelsea,Bournemouth,2,0,1,Stamford_Bridge
Premier_League,15,9,2018,Chelsea,Cardiff,4,1,1,Stamford_Bridge
Premier_League,29,9,2018,Chelsea,Liverpool,1,1,X,Stamford_Bridge
Premier_League,20,10,2018,Chelsea,Man_United,2,2,X,Stamford_Bridge
Premier_League,4,11,2018,Chelsea,Crystal_Palace,3,1,1,Stamford_Bridge
Premier_League,11,11,2018,Chelsea,Everton,0,0,X,Stamford_Bridge
Premier_League,2,12,2018,Chelsea,Fulham,2,0,1,Stamford_Bridge
Premier_League,8,12,2018,Chelsea,Man_City,2,0,1,Stamford_Bridge
Premier_League,22,12,2018,Chelsea,Leicester,0,1,2,Stamford_Bridge
Premier_League,2,1,2019,Chelsea,Southampton,0,0,X,Stamford_Bridge
Premier_League,12,1,2019,Chelsea,Newcastle,2,1,1,Stamford_Bridge
Premier_League,2,2,2019,Chelsea,Huddersfield,5,0,1,Stamford_Bridge
Premier_League,27,2,2019,Chelsea,Tottenham,2,0,1,Stamford_Bridge
Premier_League,10,3,2019,Chelsea,Wolves,1,1,X,Stamford_Bridge
Premier_League,3,4,2019,Chelsea,Brighton,3,0,1,Stamford_Bridge
Premier_League,8,4,2019,Chelsea,West_Ham,2,0,1,Stamford_Bridge
Premier_League,22,4,2019,Chelsea,Burnley,2,2,X,Stamford_Bridge
Premier_League,5,5,2019,Chelsea,Watford,3,0,1,Stamford_Bridge
Premier_League,20,8,2018,Crystal_Palace,Liverpool,0,2,2,Selhurst_Park
Premier_League,1,9,2018,Crystal_Palace,Southampton,0,2,2,Selhurst_Park
Premier_League,22,9,2018,Crystal_Palace,Newcastle,0,0,X,Selhurst_Park
Premier_League,6,10,2018,Crystal_Palace,Wolves,0,1,2,Selhurst_Park
Premier_League,28,10,2018,Crystal_Palace,Arsenal,2,2,X,Selhurst_Park
Premier_League,10,11,2018,Crystal_Palace,Tottenham,0,1,2,Selhurst_Park
Premier_League,1,12,2018,Crystal_Palace,Burnley,2,0,1,Selhurst_Park
Premier_League,15,12,2018,Crystal_Palace,Leicester,1,0,1,Selhurst_Park
Premier_League,26,12,2018,Crystal_Palace,Cardiff,0,0,X,Selhurst_Park
Premier_League,30,12,2018,Crystal_Palace,Chelsea,0,1,2,Selhurst_Park
Premier_League,12,1,2019,Crystal_Palace,Watford,1,2,2,Selhurst_Park
Premier_League,2,2,2019,Crystal_Palace,Fulham,2,0,1,Selhurst_Park
Premier_League,9,2,2019,Crystal_Palace,West_Ham,1,1,X,Selhurst_Park
Premier_League,27,2,2019,Crystal_Palace,Man_United,1,3,2,Selhurst_Park
Premier_League,9,3,2019,Crystal_Palace,Brighton,1,2,2,Selhurst_Park
Premier_League,30,3,2019,Crystal_Palace,Huddersfield,2,0,1,Selhurst_Park
Premier_League,14,4,2019,Crystal_Palace,Man_City,1,3,2,Selhurst_Park
Premier_League,27,4,2019,Crystal_Palace,Everton,0,0,X,Selhurst_Park
Premier_League,12,5,2019,Crystal_Palace,Bournemouth,5,3,1,Selhurst_Park
Premier_League,18,8,2018,Everton,Southampton,2,1,1,Goodison_Park
Premier_League,1,9,2018,Everton,Huddersfield,1,1,X,Goodison_Park
Premier_League,16,9,2018,Everton,West_Ham,1,3,2,Goodison_Park
Premier_League,29,9,2018,Everton,Fulham,3,0,1,Goodison_Park
Premier_League,21,10,2018,Everton,Crystal_Palace,2,0,1,Goodison_Park
Premier_League,3,11,2018,Everton,Brighton,3,1,1,Goodison_Park
Premier_League,24,11,2018,Everton,Cardiff,1,0,1,Goodison_Park
Premier_League,5,12,2018,Everton,Newcastle,1,1,X,Goodison_Park
Premier_League,10,12,2018,Everton,Watford,2,2,X,Goodison_Park
Premier_League,23,12,2018,Everton,Tottenham,2,6,2,Goodison_Park
Premier_League,1,1,2019,Everton,Leicester,0,1,2,Goodison_Park
Premier_League,13,1,2019,Everton,Bournemouth,2,0,1,Goodison_Park
Premier_League,2,2,2019,Everton,Wolves,1,3,2,Goodison_Park
Premier_League,6,2,2019,Everton,Man_City,0,2,2,Goodison_Park
Premier_League,3,3,2019,Everton,Liverpool,0,0,X,Goodison_Park
Premier_League,17,3,2019,Everton,Chelsea,2,0,1,Goodison_Park
Premier_League,7,4,2019,Everton,Arsenal,1,0,1,Goodison_Park
Premier_League,21,4,2019,Everton,Man_United,4,0,1,Goodison_Park
Premier_League,3,5,2019,Everton,Burnley,2,0,1,Goodison_Park
Premier_League,11,8,2018,Fulham,Crystal_Palace,0,2,2,Craven_Cottage
Premier_League,26,8,2018,Fulham,Burnley,4,2,1,Craven_Cottage
Premier_League,22,9,2018,Fulham,Watford,1,1,X,Craven_Cottage
Premier_League,7,10,2018,Fulham,Arsenal,1,5,2,Craven_Cottage
Premier_League,27,10,2018,Fulham,Bournemouth,0,3,2,Craven_Cottage
Premier_League,24,11,2018,Fulham,Southampton,3,2,1,Craven_Cottage
Premier_League,5,12,2018,Fulham,Leicester,1,1,X,Craven_Cottage
Premier_League,15,12,2018,Fulham,West_Ham,0,2,2,Craven_Cottage
Premier_League,26,12,2018,Fulham,Wolves,1,1,X,Craven_Cottage
Premier_League,29,12,2018,Fulham,Huddersfield,1,0,1,Craven_Cottage
Premier_League,20,1,2019,Fulham,Tottenham,1,2,2,Craven_Cottage
Premier_League,29,1,2019,Fulham,Brighton,4,2,1,Craven_Cottage
Premier_League,9,2,2019,Fulham,Man_United,0,3,2,Craven_Cottage
Premier_League,3,3,2019,Fulham,Chelsea,1,2,2,Craven_Cottage
Premier_League,17,3,2019,Fulham,Liverpool,1,2,2,Craven_Cottage
Premier_League,30,3,2019,Fulham,Man_City,0,2,2,Craven_Cottage
Premier_League,13,4,2019,Fulham,Everton,2,0,1,Craven_Cottage
Premier_League,27,4,2019,Fulham,Cardiff,1,0,1,Craven_Cottage
Premier_League,12,5,2019,Fulham,Newcastle,0,4,2,Craven_Cottage
Premier_League,11,8,2018,Huddersfield,Chelsea,0,3,2,Kirklees_Stadium
Premier_League,25,8,2018,Huddersfield,Cardiff,0,0,X,Kirklees_Stadium
Premier_League,15,9,2018,Huddersfield,Crystal_Palace,0,1,2,Kirklees_Stadium
Premier_League,29,9,2018,Huddersfield,Tottenham,0,2,2,Kirklees_Stadium
Premier_League,20,10,2018,Huddersfield,Liverpool,0,1,2,Kirklees_Stadium
Premier_League,5,11,2018,Huddersfield,Fulham,1,0,1,Kirklees_Stadium
Premier_League,10,11,2018,Huddersfield,West_Ham,1,1,X,Kirklees_Stadium
Premier_League,1,12,2018,Huddersfield,Brighton,1,2,2,Kirklees_Stadium
Premier_League,15,12,2018,Huddersfield,Newcastle,0,1,2,Kirklees_Stadium
Premier_League,22,12,2018,Huddersfield,Southampton,1,3,2,Kirklees_Stadium
Premier_League,2,1,2019,Huddersfield,Burnley,1,2,2,Kirklees_Stadium
Premier_League,20,1,2019,Huddersfield,Man_City,0,3,2,Kirklees_Stadium
Premier_League,29,1,2019,Huddersfield,Everton,0,1,2,Kirklees_Stadium
Premier_League,9,2,2019,Huddersfield,Arsenal,1,2,2,Kirklees_Stadium
Premier_League,26,2,2019,Huddersfield,Wolves,1,0,1,Kirklees_Stadium
Premier_League,9,3,2019,Huddersfield,Bournemouth,0,2,2,Kirklees_Stadium
Premier_League,6,4,2019,Huddersfield,Leicester,1,4,2,Kirklees_Stadium
Premier_League,20,4,2019,Huddersfield,Watford,1,2,2,Kirklees_Stadium
Premier_League,5,5,2019,Huddersfield,Man_United,1,1,X,Kirklees_Stadium
Premier_League,18,8,2018,Leicester,Wolves,2,0,1,King_Power_Stadium
Premier_League,1,9,2018,Leicester,Liverpool,1,2,2,King_Power_Stadium
Premier_League,22,9,2018,Leicester,Huddersfield,3,1,1,King_Power_Stadium
Premier_League,6,10,2018,Leicester,Everton,1,2,2,King_Power_Stadium
Premier_League,27,10,2018,Leicester,West_Ham,1,1,X,King_Power_Stadium
Premier_League,10,11,2018,Leicester,Burnley,0,0,X,King_Power_Stadium
Premier_League,1,12,2018,Leicester,Watford,2,0,1,King_Power_Stadium
Premier_League,8,12,2018,Leicester,Tottenham,0,2,2,King_Power_Stadium
Premier_League,26,12,2018,Leicester,Man_City,2,1,1,King_Power_Stadium
Premier_League,29,12,2018,Leicester,Cardiff,0,1,2,King_Power_Stadium
Premier_League,12,1,2019,Leicester,Southampton,1,2,2,King_Power_Stadium
Premier_League,3,2,2019,Leicester,Man_United,0,1,2,King_Power_Stadium
Premier_League,23,2,2019,Leicester,Crystal_Palace,1,4,2,King_Power_Stadium
Premier_League,26,2,2019,Leicester,Brighton,2,1,1,King_Power_Stadium
Premier_League,9,3,2019,Leicester,Fulham,3,1,1,King_Power_Stadium
Premier_League,30,3,2019,Leicester,Bournemouth,2,0,1,King_Power_Stadium
Premier_League,12,4,2019,Leicester,Newcastle,0,1,2,King_Power_Stadium
Premier_League,28,4,2019,Leicester,Arsenal,3,0,1,King_Power_Stadium
Premier_League,12,5,2019,Leicester,Chelsea,0,0,X,King_Power_Stadium
Premier_League,12,8,2018,Liverpool,West_Ham,4,0,1,Anfield
Premier_League,25,8,2018,Liverpool,Brighton,1,0,1,Anfield
Premier_League,22,9,2018,Liverpool,Southampton,3,0,1,Anfield
Premier_League,7,10,2018,Liverpool,Man_City,0,0,X,Anfield
Premier_League,27,10,2018,Liverpool,Cardiff,4,1,1,Anfield
Premier_League,11,11,2018,Liverpool,Fulham,2,0,1,Anfield
Premier_League,2,12,2018,Liverpool,Everton,1,0,1,Anfield
Premier_League,16,12,2018,Liverpool,Man_United,3,1,1,Anfield
Premier_League,26,12,2018,Liverpool,Newcastle,4,0,1,Anfield
Premier_League,29,12,2018,Liverpool,Arsenal,5,1,1,Anfield
Premier_League,19,1,2019,Liverpool,Crystal_Palace,4,3,1,Anfield
Premier_League,30,1,2019,Liverpool,Leicester,1,1,X,Anfield
Premier_League,9,2,2019,Liverpool,Bournemouth,3,0,1,Anfield
Premier_League,27,2,2019,Liverpool,Watford,5,0,1,Anfield
Premier_League,10,3,2019,Liverpool,Burnley,4,2,1,Anfield
Premier_League,31,3,2019,Liverpool,Tottenham,2,1,1,Anfield
Premier_League,14,4,2019,Liverpool,Chelsea,2,0,1,Anfield
Premier_League,26,4,2019,Liverpool,Huddersfield,5,0,1,Anfield
Premier_League,12,5,2019,Liverpool,Wolves,2,0,1,Anfield
Premier_League,19,8,2018,Man_City,Huddersfield,6,1,1,Etihad_Stadium
Premier_League,1,9,2018,Man_City,Newcastle,2,1,1,Etihad_Stadium
Premier_League,15,9,2018,Man_City,Fulham,3,0,1,Etihad_Stadium
Premier_League,29,9,2018,Man_City,Brighton,2,0,1,Etihad_Stadium
Premier_League,20,10,2018,Man_City,Burnley,5,0,1,Etihad_Stadium
Premier_League,4,11,2018,Man_City,Southampton,6,1,1,Etihad_Stadium
Premier_League,11,11,2018,Man_City,Man_United,3,1,1,Etihad_Stadium
Premier_League,1,12,2018,Man_City,Bournemouth,3,1,1,Etihad_Stadium
Premier_League,15,12,2018,Man_City,Everton,3,1,1,Etihad_Stadium
Premier_League,22,12,2018,Man_City,Crystal_Palace,2,3,2,Etihad_Stadium
Premier_League,3,1,2019,Man_City,Liverpool,2,1,1,Etihad_Stadium
Premier_League,14,1,2019,Man_City,Wolves,3,0,1,Etihad_Stadium
Premier_League,3,2,2019,Man_City,Arsenal,3,1,1,Etihad_Stadium
Premier_League,10,2,2019,Man_City,Chelsea,6,0,1,Etihad_Stadium
Premier_League,27,2,2019,Man_City,West_Ham,1,0,1,Etihad_Stadium
Premier_League,9,3,2019,Man_City,Watford,3,1,1,Etihad_Stadium
Premier_League,3,4,2019,Man_City,Cardiff,2,0,1,Etihad_Stadium
Premier_League,20,4,2019,Man_City,Tottenham,1,0,1,Etihad_Stadium
Premier_League,6,5,2019,Man_City,Leicester,1,0,1,Etihad_Stadium
Premier_League,10,8,2018,Man_United,Leicester,2,1,1,Old_Trafford
Premier_League,27,8,2018,Man_United,Tottenham,0,3,2,Old_Trafford
Premier_League,22,9,2018,Man_United,Wolves,1,1,X,Old_Trafford
Premier_League,6,10,2018,Man_United,Newcastle,3,2,1,Old_Trafford
Premier_League,28,10,2018,Man_United,Everton,2,1,1,Old_Trafford
Premier_League,24,11,2018,Man_United,Crystal_Palace,0,0,X,Old_Trafford
Premier_League,5,12,2018,Man_United,Arsenal,2,2,X,Old_Trafford
Premier_League,8,12,2018,Man_United,Fulham,4,1,1,Old_Trafford
Premier_League,26,12,2018,Man_United,Huddersfield,3,1,1,Old_Trafford
Premier_League,30,12,2018,Man_United,Bournemouth,4,1,1,Old_Trafford
Premier_League,19,1,2019,Man_United,Brighton,2,1,1,Old_Trafford
Premier_League,29,1,2019,Man_United,Burnley,2,2,X,Old_Trafford
Premier_League,24,2,2019,Man_United,Liverpool,0,0,X,Old_Trafford
Premier_League,2,3,2019,Man_United,Southampton,3,2,1,Old_Trafford
Premier_League,30,3,2019,Man_United,Watford,2,1,1,Old_Trafford
Premier_League,13,4,2019,Man_United,West_Ham,2,1,1,Old_Trafford
Premier_League,24,4,2019,Man_United,Man_City,0,2,2,Old_Trafford
Premier_League,28,4,2019,Man_United,Chelsea,1,1,X,Old_Trafford
Premier_League,12,5,2019,Man_United,Cardiff,0,2,2,Old_Trafford
Premier_League,11,8,2018,Newcastle,Tottenham,1,2,2,St_James'_Park
Premier_League,26,8,2018,Newcastle,Chelsea,1,2,2,St_James'_Park
Premier_League,15,9,2018,Newcastle,Arsenal,1,2,2,St_James'_Park
Premier_League,29,9,2018,Newcastle,Leicester,0,2,2,St_James'_Park
Premier_League,20,10,2018,Newcastle,Brighton,0,1,2,St_James'_Park
Premier_League,3,11,2018,Newcastle,Watford,1,0,1,St_James'_Park
Premier_League,10,11,2018,Newcastle,Bournemouth,2,1,1,St_James'_Park
Premier_League,1,12,2018,Newcastle,West_Ham,0,3,2,St_James'_Park
Premier_League,9,12,2018,Newcastle,Wolves,1,2,2,St_James'_Park
Premier_League,22,12,2018,Newcastle,Fulham,0,0,X,St_James'_Park
Premier_League,2,1,2019,Newcastle,Man_United,0,2,2,St_James'_Park
Premier_League,19,1,2019,Newcastle,Cardiff,3,0,1,St_James'_Park
Premier_League,29,1,2019,Newcastle,Man_City,2,1,1,St_James'_Park
Premier_League,23,2,2019,Newcastle,Huddersfield,2,0,1,St_James'_Park
Premier_League,26,2,2019,Newcastle,Burnley,2,0,1,St_James'_Park
Premier_League,9,3,2019,Newcastle,Everton,3,2,1,St_James'_Park
Premier_League,6,4,2019,Newcastle,Crystal_Palace,0,1,2,St_James'_Park
Premier_League,20,4,2019,Newcastle,Southampton,3,1,1,St_James'_Park
Premier_League,4,5,2019,Newcastle,Liverpool,2,3,2,St_James'_Park
Premier_League,12,8,2018,Southampton,Burnley,0,0,X,St_Mary's_Stadium
Premier_League,25,8,2018,Southampton,Leicester,1,2,2,St_Mary's_Stadium
Premier_League,17,9,2018,Southampton,Brighton,2,2,X,St_Mary's_Stadium
Premier_League,7,10,2018,Southampton,Chelsea,0,3,2,St_Mary's_Stadium
Premier_League,27,10,2018,Southampton,Newcastle,0,0,X,St_Mary's_Stadium
Premier_League,10,11,2018,Southampton,Watford,1,1,X,St_Mary's_Stadium
Premier_League,1,12,2018,Southampton,Man_United,2,2,X,St_Mary's_Stadium
Premier_League,16,12,2018,Southampton,Arsenal,3,2,1,St_Mary's_Stadium
Premier_League,27,12,2018,Southampton,West_Ham,1,2,2,St_Mary's_Stadium
Premier_League,30,12,2018,Southampton,Man_City,1,3,2,St_Mary's_Stadium
Premier_League,19,1,2019,Southampton,Everton,2,1,1,St_Mary's_Stadium
Premier_League,30,1,2019,Southampton,Crystal_Palace,1,1,X,St_Mary's_Stadium
Premier_League,9,2,2019,Southampton,Cardiff,1,2,2,St_Mary's_Stadium
Premier_League,27,2,2019,Southampton,Fulham,2,0,1,St_Mary's_Stadium
Premier_League,9,3,2019,Southampton,Tottenham,2,1,1,St_Mary's_Stadium
Premier_League,5,4,2019,Southampton,Liverpool,1,3,2,St_Mary's_Stadium
Premier_League,13,4,2019,Southampton,Wolves,3,1,1,St_Mary's_Stadium
Premier_League,27,4,2019,Southampton,Bournemouth,3,3,X,St_Mary's_Stadium
Premier_League,12,5,2019,Southampton,Huddersfield,1,1,X,St_Mary's_Stadium
Premier_League,18,8,2018,Tottenham,Fulham,3,1,1,Tottenham_Hotspur_Stadium
Premier_League,15,9,2018,Tottenham,Liverpool,1,2,2,Tottenham_Hotspur_Stadium
Premier_League,6,10,2018,Tottenham,Cardiff,1,0,1,Tottenham_Hotspur_Stadium
Premier_League,29,10,2018,Tottenham,Man_City,0,1,2,Tottenham_Hotspur_Stadium
Premier_League,24,11,2018,Tottenham,Chelsea,3,1,1,Tottenham_Hotspur_Stadium
Premier_League,5,12,2018,Tottenham,Southampton,3,1,1,Tottenham_Hotspur_Stadium
Premier_League,15,12,2018,Tottenham,Burnley,1,0,1,Tottenham_Hotspur_Stadium
Premier_League,26,12,2018,Tottenham,Bournemouth,5,0,1,Tottenham_Hotspur_Stadium
Premier_League,29,12,2018,Tottenham,Wolves,1,3,2,Tottenham_Hotspur_Stadium
Premier_League,13,1,2019,Tottenham,Man_United,0,1,2,Tottenham_Hotspur_Stadium
Premier_League,30,1,2019,Tottenham,Watford,2,1,1,Tottenham_Hotspur_Stadium
Premier_League,2,2,2019,Tottenham,Newcastle,1,0,1,Tottenham_Hotspur_Stadium
Premier_League,10,2,2019,Tottenham,Leicester,3,1,1,Tottenham_Hotspur_Stadium
Premier_League,2,3,2019,Tottenham,Arsenal,1,1,X,Tottenham_Hotspur_Stadium
Premier_League,3,4,2019,Tottenham,Crystal_Palace,2,0,1,Tottenham_Hotspur_Stadium
Premier_League,13,4,2019,Tottenham,Huddersfield,4,0,1,Tottenham_Hotspur_Stadium
Premier_League,23,4,2019,Tottenham,Brighton,1,0,1,Tottenham_Hotspur_Stadium
Premier_League,27,4,2019,Tottenham,West_Ham,0,1,2,Tottenham_Hotspur_Stadium
Premier_League,12,5,2019,Tottenham,Everton,2,2,X,Tottenham_Hotspur_Stadium
Premier_League,11,8,2018,Watford,Brighton,2,0,1,Vicarage_Road
Premier_League,26,8,2018,Watford,Crystal_Palace,2,1,1,Vicarage_Road
Premier_League,2,9,2018,Watford,Tottenham,2,1,1,Vicarage_Road
Premier_League,15,9,2018,Watford,Man_United,1,2,2,Vicarage_Road
Premier_League,6,10,2018,Watford,Bournemouth,0,4,2,Vicarage_Road
Premier_League,27,10,2018,Watford,Huddersfield,3,0,1,Vicarage_Road
Premier_League,24,11,2018,Watford,Liverpool,0,3,2,Vicarage_Road
Premier_League,4,12,2018,Watford,Man_City,1,2,2,Vicarage_Road
Premier_League,15,12,2018,Watford,Cardiff,3,2,1,Vicarage_Road
Premier_League,26,12,2018,Watford,Chelsea,1,2,2,Vicarage_Road
Premier_League,29,12,2018,Watford,Newcastle,1,1,X,Vicarage_Road
Premier_League,19,1,2019,Watford,Burnley,0,0,X,Vicarage_Road
Premier_League,9,2,2019,Watford,Everton,1,0,1,Vicarage_Road
Premier_League,3,3,2019,Watford,Leicester,2,1,1,Vicarage_Road
Premier_League,2,4,2019,Watford,Fulham,4,1,1,Vicarage_Road
Premier_League,15,4,2019,Watford,Arsenal,0,1,2,Vicarage_Road
Premier_League,23,4,2019,Watford,Southampton,1,1,X,Vicarage_Road
Premier_League,27,4,2019,Watford,Wolves,1,2,2,Vicarage_Road
Premier_League,12,5,2019,Watford,West_Ham,1,4,2,Vicarage_Road
Premier_League,18,8,2018,West_Ham,Bournemouth,1,2,2,London_Stadium
Premier_League,1,9,2018,West_Ham,Wolves,0,1,2,London_Stadium
Premier_League,23,9,2018,West_Ham,Chelsea,0,0,X,London_Stadium
Premier_League,29,9,2018,West_Ham,Man_United,3,1,1,London_Stadium
Premier_League,20,10,2018,West_Ham,Tottenham,0,1,2,London_Stadium
Premier_League,3,11,2018,West_Ham,Burnley,4,2,1,London_Stadium
Premier_League,24,11,2018,West_Ham,Man_City,0,4,2,London_Stadium
Premier_League,4,12,2018,West_Ham,Cardiff,3,1,1,London_Stadium
Premier_League,8,12,2018,West_Ham,Crystal_Palace,3,2,1,London_Stadium
Premier_League,22,12,2018,West_Ham,Watford,0,2,2,London_Stadium
Premier_League,2,1,2019,West_Ham,Brighton,2,2,X,London_Stadium
Premier_League,12,1,2019,West_Ham,Arsenal,1,0,1,London_Stadium
Premier_League,4,2,2019,West_Ham,Liverpool,1,1,X,London_Stadium
Premier_League,22,2,2019,West_Ham,Fulham,3,1,1,London_Stadium
Premier_League,2,3,2019,West_Ham,Newcastle,2,0,1,London_Stadium
Premier_League,16,3,2019,West_Ham,Huddersfield,4,3,1,London_Stadium
Premier_League,30,3,2019,West_Ham,Everton,0,2,2,London_Stadium
Premier_League,20,4,2019,West_Ham,Leicester,2,2,X,London_Stadium
Premier_League,4,5,2019,West_Ham,Southampton,3,0,1,London_Stadium
Premier_League,11,8,2018,Wolves,Everton,2,2,X,Molineux_Stadium
Premier_League,25,8,2018,Wolves,Man_City,1,1,X,Molineux_Stadium
Premier_League,16,9,2018,Wolves,Burnley,1,0,1,Molineux_Stadium
Premier_League,29,9,2018,Wolves,Southampton,2,0,1,Molineux_Stadium
Premier_League,20,10,2018,Wolves,Watford,0,2,2,Molineux_Stadium
Premier_League,3,11,2018,Wolves,Tottenham,2,3,2,Molineux_Stadium
Premier_League,25,11,2018,Wolves,Huddersfield,0,2,2,Molineux_Stadium
Premier_League,5,12,2018,Wolves,Chelsea,2,1,1,Molineux_Stadium
Premier_League,15,12,2018,Wolves,Bournemouth,2,0,1,Molineux_Stadium
Premier_League,21,12,2018,Wolves,Liverpool,0,2,2,Molineux_Stadium
Premier_League,2,1,2019,Wolves,Crystal_Palace,0,2,2,Molineux_Stadium
Premier_League,19,1,2019,Wolves,Leicester,4,3,1,Molineux_Stadium
Premier_League,29,1,2019,Wolves,West_Ham,3,0,1,Molineux_Stadium
Premier_League,11,2,2019,Wolves,Newcastle,1,1,X,Molineux_Stadium
Premier_League,2,3,2019,Wolves,Cardiff,2,0,1,Molineux_Stadium
Premier_League,2,4,2019,Wolves,Man_United,2,1,1,Molineux_Stadium
Premier_League,20,4,2019,Wolves,Brighton,0,0,X,Molineux_Stadium
Premier_League,24,4,2019,Wolves,Arsenal,3,1,1,Molineux_Stadium
Premier_League,4,5,2019,Wolves,Fulham,1,0,1,Molineux_Stadium
